-DOMAINE
*idDomaine
*nomDomaine
1,Appareillage
2,Électricité
3,Matériel de laboratoire
4,Médias
5,Produits chimiques
6,Verrerie et associés
 
-CATEGORIE
*idCategorie
*idDomaine
*nomCategorie
1,1,Observation
2,1,Mesures
3,1,ExAO
4,1,Multimédia
5,1,Expérimentation
6,1,Divers
7,6,Verrerie
8,6,Associés
9,5,Produits organiques
10,5,Produits minéraux
11,5,Enzymes
12,5,Colorants
13,5,Entretien
14,5,Autres
15,3,Appareils de labo
16,3,Sécurité
17,3,Fournitures
18,3,Mobilier
19,3,Divers
20,4,Logiciels
21,4,DVD/VHS
22,4,Manuels scolaires
23,4,Livres scientifiques
24,4,Cartes/Posters
25,4,Divers
26,2,Générateurs
27,2,Mesures
28,2,Récepteurs
29,2,Connectique
30,2,Métaux
31,2,Divers
 
-STATUT
*idStatut
*nomStatut
1,Administrateur
2,Professseur
3,Laborantin
4,Gestionnaire
 
-UTILISATEUR
*idUtilisateur
*idStatut
*nom
*prenom
*email
*motDePasse
1,1,Dupond,Dupond,dupond@gmail.com,3e296ab5e8a9c95df44c8839a3c42e3fb4614f25eedcdd5211b621b8b9f9f198
 
-RISQUE
*idRisque
*nomRisque
29,Comburant
30,Danger incendie
31,Explosif
32,Effets graves sur la senté
33,Altération de la santé humaine
34,Gaz sous pression
35,Corrosion
36,Toxicité aquatique
37,Toxicité aiguë
 
-FDS
*idFDS
*nomFDS
29,Acide chloridrique
25,Alimentation et Générateur de courant AC/DC
28,Becher 500ml
26,Becher 800ml
30,clavier
20,iPad
8,iPhone
11,JLK
23,Microscope
27,Pipette graduée
24,Sulfate de cuivre anhydre
21,test
22,test2
 
-RISQUES
*idrisques
*idFDS
*idRisque
440,29,35
442,24,29
443,24,30
444,24,33
445,30,35
455,26,33
456,26,34
457,26,35
458,26,37
 
-ENDROIT
*idEndroit
*endroit
6,008
3,Armoire 1
1,Étagère 1
2,Étagère 2
4,Etagere 5
5,Salle 207
7,test
 
-RANGEMENT
*idRangement
*idEndroit
*position
1,1,haut
2,2,bas
3,3,gauche
4,2,droite
5,1,milieu
6,3,milieu
7,4,Rac 87
8,5,Tiroir du bureau
9,3,droite
10,6,bocale
11,7,test1
 
-MATERIEL
*idMateriel
*referenceMateriel
*idFDS
*nomMateriel
*idCategorie
*seuilAlerte
*caracteristiquesComplementaires
*informationsComplementairesEtSecurite
34,REF123,24,Sulfate de cuivre anhydree,9,2,Sulfate de cuivre anhydre,Le sulfate de cuivre (II) anhydre est blanc et ne devient bleu que lorsqu'il est combiné avec des molécules d'eau
35,ALR 3002M,25,Alimentation et Générateur de courant AC/DC,26,1,Puissance : 120 Watts,
36,REF 4123,26,Becher 800ml,7,1,Becher 800ml,aehahahahhaha
38,REF 4122,28,Becher 500ml,7,1,Becher 500ml,
39,REF 1111,29,Acide chloridrique,13,1,,
40,6546,30,clavier,26,2,ezrzet,rtert
 
-MATERIELUNIQUE
*idMaterielUnique
*idMateriel
*idRangement
*dateReception
*commentaireMateriel
*quantiteApproximative
*datePeremption
254,34,1,2024-01-14 00:00:00,,1.0,2024-07-26 00:00:00
255,34,1,2024-01-14 00:00:00,,1.0,2024-07-26 00:00:00
256,34,1,2024-01-14 00:00:00,,1.0,2024-07-26 00:00:00
257,40,5,2024-02-19 00:00:00,un clavier supersonique,2.0,2024-07-20 00:00:00
258,40,5,2024-02-19 00:00:00,un clavier supersonique,2.0,2024-07-20 00:00:00
259,40,5,2024-02-19 00:00:00,un clavier supersonique,2.0,2024-07-20 00:00:00
260,40,5,2024-02-19 00:00:00,un clavier supersonique,2.0,2024-07-20 00:00:00
261,40,5,2024-02-19 00:00:00,un clavier supersonique,2.0,2024-07-20 00:00:00
262,40,5,2024-02-19 00:00:00,un clavier supersonique,2.0,2024-07-20 00:00:00
263,40,5,2024-02-19 00:00:00,un clavier supersonique,2.0,2024-07-20 00:00:00
264,40,5,2024-02-19 00:00:00,un clavier supersonique,2.0,2024-07-20 00:00:00
265,40,5,2024-02-19 00:00:00,un clavier supersonique,2.0,2024-07-20 00:00:00
266,40,5,2024-02-19 00:00:00,un clavier supersonique,2.0,2024-07-20 00:00:00
267,40,5,2024-02-19 00:00:00,un clavier supersonique,2.0,2024-07-20 00:00:00
268,40,5,2024-02-19 00:00:00,un clavier supersonique,2.0,2024-07-20 00:00:00
269,40,5,2024-02-19 00:00:00,un clavier supersonique,2.0,2024-07-20 00:00:00
270,40,5,2024-02-19 00:00:00,un clavier supersonique,2.0,2024-07-20 00:00:00
271,40,5,2024-02-19 00:00:00,un clavier supersonique,2.0,2024-07-20 00:00:00
272,40,5,2024-02-19 00:00:00,un clavier supersonique,2.0,2024-07-20 00:00:00
273,40,5,2024-02-19 00:00:00,un clavier supersonique,2.0,2024-07-20 00:00:00
274,40,5,2024-02-19 00:00:00,un clavier supersonique,2.0,2024-07-20 00:00:00
275,40,5,2024-02-19 00:00:00,un clavier supersonique,2.0,2024-07-20 00:00:00
276,40,8,2024-02-19 00:00:00,un clavier supersonique,2.0,2024-02-20 00:00:00
277,36,3,2024-02-19 00:00:00,,1.0,2024-02-20 00:00:00
278,36,3,2024-02-19 00:00:00,,1.0,2024-02-20 00:00:00
279,36,3,2024-02-19 00:00:00,,1.0,2024-02-20 00:00:00
280,36,3,2024-02-19 00:00:00,,1.0,2024-02-20 00:00:00
281,36,3,2024-02-19 00:00:00,,1.0,2024-02-20 00:00:00
282,36,3,2024-02-19 00:00:00,,1.0,2024-02-20 00:00:00
283,36,3,2024-02-19 00:00:00,,1.0,2024-02-20 00:00:00
284,36,3,2024-02-19 00:00:00,,1.0,2024-02-20 00:00:00
285,36,3,2024-02-19 00:00:00,,1.0,2024-02-20 00:00:00
286,36,3,2024-02-19 00:00:00,,1.0,2024-02-20 00:00:00
287,35,6,2024-02-19 00:00:00,,1.0,2024-02-20 00:00:00
288,35,6,2024-02-19 00:00:00,,1.0,2024-02-20 00:00:00
 
-STOCKLABORATOIRE
*idStock
*idMateriel
*quantiteLaboratoire
25,34,3
26,40,20
27,36,10
28,35,2
 
-FOURNISSEUR
*idFournisseur
*nomFournisseur
*adresseFournisseur
*mailFournisseur
*telFournisseur
 
-ETATDEMANDE
*idEtatD
*nomEtatD
1,En attente de validation
2,Envoyée
 
-DEMANDE
*idDemande
*idUtilisateur
*descriptionDemande
*idEtatD
26,11,,2
27,11,,2
29,13,,1
30,7,,1
 
-ETATCOMMANDE
*idEtat
*nomEtat
1,En attente de la validation du Gestionnaire
2,En cours de traitement
3,Expédiée
4,Livrée
 
-BONCOMMANDE
*idBonCommande
*idEtat
*idUtilisateur
*dateBonCommande
8,4,2,2023-12-22
9,4,2,2023-12-22
18,4,2,2023-12-22
21,4,9,2023-12-23
22,1,9,2023-12-23
26,1,10,2024-01-08
27,2,2,2024-01-11
31,1,11,2024-01-12
32,2,2,2024-01-15
33,1,2,2024-01-15
 
-SUIVICOMMANDE
*idBonCommande
*localisation
*numColis
 
-TYPESALERTES
*idAlerte
*descriptionAlerte
1,Date de péremption dépassée
2,Date de péremption dépassée dans 10 jours
3,Quantité en dessous du seuil minimal
4,Quantité de l'objet à 0
 
-RECHERCHEMATERIELS
*materielRecherche
Agitateurs à hélice
Agitateurs à plaques chauffantes
Agitateurs à ultrasons
Agitateurs magnétiques
Agitateurs vortex
Ampoules à décanter
Autoclaves
Bains-marie
Ballons de réaction
Béchers
Béchers Griffin
Boîtes cryogéniques
Boîtes de Pétri
Bouchons en caoutchouc
Bouchons en liège
Burettes
Capsules de pesée
Colonnes de chromatographie
Colonnes de fractionnement
Cuvettes de conductimètre
Cuvettes de fluorimètre
Cuvettes de polarimètre
Cuvettes de spectrophotomètre
Cuvettes de viscosimètre
Cylindres gradués
Deshydrateurs d'air
Entonnoirs
Éprouvettes
Filtres Buchner
Fioles à col large
Fioles à col long
Fioles à vide
Fioles coniques
Fioles de réaction
Fioles Erlenmeyer
Flacons compte-gouttes
Flacons de stockage
Flacons laveurs
Microscope
Mortiers et pilons
Pinces de fixation
Pinces supports et trépieds
Pipettes graduées
Pipettes Pasteur
Pipettes volumétriques
Plaques de Petri
Réacteurs à micro-ondes
Réacteurs à pression
Réactif chimique
Récipients pour stockage
Réfrigérants à colonne
Réfrigérants à condenseur
Réfrigérants à serpentin
Seringues
Support universel
Thermomètres de laboratoire
Tubes à essai
Tubes à essai à col large
Tubes à essai à fond plat
Tubes à essai à fond rond
Tubes capillaires
Tubes de centrifugation
Tubes Nessler
 